Biome,Percentage
Mountain,0.19032252012232875
Rocky Area,0.13606259029250078
Ruins,0.0028893600255164263
Snowfield,0.670725529559654
