Biome,Percentage
Beach,0.006802721088435374
Forest,0.06666666666666667
Lake,0.09015395631936986
Ocean,0.12738990332975295
Prairie,0.4340136054421769
Riverside,0.24919441460794844
Ruins,0.01117078410311493
Town,0.014607948442534909
